{
  "$schema": "http://json-schema.org/draft-07/schema#",
  "type": "object",
  "properties": {
    "AFC": {
      "type": "object",
      "properties": {
        "teams": {
          "type": "array",
          "items": {
            "type": "object",
            "properties": {
              "team": { "type": "string" },
              "city": { "type": "string" }
            },
            "required": ["team", "city"]
          }
        }
      },
      "required": ["teams"]
    },
    "NFC": {
      "type": "object",
      "properties": {
        "teams": {
          "type": "array",
          "items": {
            "type": "object",
            "properties": {
              "team": { "type": "string" },
              "city": { "type": "string" }
            },
            "required": ["team", "city"]
          }
        }
      },
      "required": ["teams"]
    }
  },
  "required": ["AFC", "NFC"]
}
